Stations, Procedures executed
100,2
100,25
100,19
100,1
100,1
100,7
100,12
100,10
100,6
100,10
100,3
100,2
100,5
100,12
100,32
100,1
100,3
100,5
100,5
100,6
100,4
100,15
100,4
100,11
100,19
100,12
100,30
100,28
100,1
100,3
100,4
100,14
100,2
100,35
100,3
100,18
100,3
100,16
100,5
100,30
100,3
100,2
100,6
100,6
100,7
100,15
100,16
100,7
100,5
100,4
200,28
200,3
200,1
200,3
200,40
200,6
200,10
200,7
200,26
200,10
200,6
200,13
200,3
200,9
200,16
200,36
200,1
200,3
200,6
200,8
200,4
200,11
200,4
200,8
200,1
200,3
200,16
200,3
200,2
200,4
200,41
200,5
200,22
200,44
200,13
200,12
200,10
200,8
200,13
200,16
200,8
200,5
200,3
200,1
200,15
200,11
200,4
200,12
200,1
200,10
300,4
300,2
300,4
300,5
300,5
300,17
300,11
300,5
300,29
300,5
300,2
300,3
300,3
300,4
300,35
300,3
300,28
300,15
300,3
300,11
300,4
300,40
300,12
300,28
300,2
300,3
300,2
300,1
300,1
300,15
300,6
300,43
300,3
300,14
300,9
300,3
300,4
300,17
300,23
300,14
300,5
300,3
300,2
300,6
300,4
300,2
300,13
300,3
300,6
300,9
400,1
400,11
400,10
400,12
400,6
400,34
400,10
400,32
400,6
400,2
400,2
400,9
400,20
400,1
400,3
400,2
400,15
400,8
400,7
400,4
400,9
400,2
400,20
400,1
400,24
400,6
400,6
400,1
400,5
400,4
400,3
400,11
400,8
400,7
400,27
400,5
400,19
400,2
400,13
400,4
400,2
400,1
400,10
400,23
400,13
400,5
400,2
400,15
400,3
400,7
500,10
500,5
500,17
500,1
500,26
500,9
500,42
500,9
500,4
500,4
500,10
500,3
500,41
500,3
500,10
500,9
500,3
500,11
500,1
500,14
500,3
500,8
500,5
500,16
500,13
500,1
500,6
500,16
500,8
500,13
500,1
500,15
500,6
500,9
500,9
500,3
500,25
500,6
500,3
500,2
500,21
500,9
500,1
500,37
500,17
500,10
500,7
500,12
500,6
500,2
600,5
600,7
600,2
600,3
600,5
600,5
600,3
600,20
600,7
600,3
600,54
600,6
600,1
600,6
600,23
600,4
600,3
600,1
600,15
600,5
600,32
600,11
600,4
600,33
600,15
600,1
600,4
600,4
600,8
600,16
600,17
600,2
600,20
600,14
600,4
600,35
600,6
600,16
600,3
600,22
600,5
600,13
600,1
600,2
600,1
600,18
600,8
600,15
600,7
600,35
700,3
700,8
700,4
700,2
700,9
700,6
700,2
700,24
700,3
700,15
700,8
700,12
700,32
700,1
700,17
700,8
700,1
700,14
700,3
700,1
700,7
700,8
700,5
700,18
700,6
700,22
700,30
700,9
700,6
700,1
700,13
700,7
700,12
700,46
700,10
700,5
700,11
700,2
700,3
700,3
700,31
700,13
700,12
700,13
700,4
700,7
700,29
700,18
700,11
700,10
800,2
800,1
800,16
800,48
800,2
800,8
800,4
800,4
800,23
800,7
800,2
800,32
800,16
800,18
800,11
800,12
800,6
800,16
800,17
800,1
800,19
800,8
800,19
800,2
800,5
800,4
800,11
800,14
800,19
800,1
800,10
800,4
800,13
800,10
800,3
800,10
800,4
800,13
800,13
800,7
800,10
800,28
800,1
800,14
800,26
800,6
800,15
800,43
800,10
800,1
900,8
900,12
900,13
900,1
900,8
900,23
900,7
900,2
900,18
900,14
900,13
900,4
900,2
900,4
900,1
900,2
900,15
900,33
900,10
900,19
900,1
900,10
900,24
900,11
900,3
900,2
900,4
900,13
900,6
900,3
900,4
900,38
900,3
900,26
900,2
900,7
900,3
900,8
900,7
900,2
900,23
900,1
900,14
900,18
900,39
900,27
900,4
900,25
900,10
900,1
1000,3
1000,12
1000,3
1000,13
1000,73
1000,2
1000,6
1000,28
1000,5
1000,3
1000,1
1000,10
1000,1
1000,20
1000,14
1000,18
1000,2
1000,4
1000,2
1000,11
1000,4
1000,21
1000,10
1000,14
1000,8
1000,11
1000,6
1000,10
1000,14
1000,4
1000,22
1000,8
1000,19
1000,1
1000,15
1000,8
1000,19
1000,44
1000,5
1000,11
1000,24
1000,13
1000,2
1000,14
1000,4
1000,1
1000,19
1000,2
1000,8
1000,1
1100,3
1100,9
1100,6
1100,3
1100,6
1100,31
1100,11
1100,2
1100,15
1100,7
1100,5
1100,28
1100,5
1100,48
1100,2
1100,21
1100,16
1100,13
1100,4
1100,1
1100,4
1100,3
1100,5
1100,9
1100,1
1100,5
1100,17
1100,20
1100,14
1100,19
1100,2
1100,23
1100,16
1100,14
1100,7
1100,11
1100,25
1100,11
1100,1
1100,2
1100,36
1100,3
1100,15
1100,2
1100,19
1100,4
1100,2
1100,9
1100,53
1100,1
1200,2
1200,6
1200,4
1200,2
1200,6
1200,15
1200,2
1200,15
1200,6
1200,1
1200,9
1200,20
1200,3
1200,10
1200,5
1200,15
1200,1
1200,11
1200,4
1200,6
1200,1
1200,22
1200,18
1200,1
1200,3
1200,2
1200,4
1200,19
1200,32
1200,14
1200,1
1200,7
1200,5
1200,2
1200,3
1200,9
1200,10
1200,2
1200,12
1200,24
1200,6
1200,12
1200,4
1200,3
1200,7
1200,6
1200,15
1200,4
1200,15
1200,1
1300,4
1300,4
1300,5
1300,15
1300,14
1300,26
1300,9
1300,13
1300,4
1300,10
1300,5
1300,28
1300,7
1300,3
1300,16
1300,14
1300,12
1300,2
1300,6
1300,5
1300,28
1300,3
1300,13
1300,43
1300,3
1300,17
1300,21
1300,15
1300,13
1300,2
1300,5
1300,4
1300,18
1300,8
1300,7
1300,3
1300,5
1300,7
1300,19
1300,23
1300,19
1300,3
1300,3
1300,5
1300,8
1300,2
1300,4
1300,33
1300,4
1300,5
1400,1
1400,12
1400,1
1400,2
1400,6
1400,1
1400,4
1400,5
1400,4
1400,17
1400,12
1400,2
1400,6
1400,17
1400,15
1400,7
1400,16
1400,20
1400,1
1400,6
1400,5
1400,3
1400,37
1400,10
1400,13
1400,6
1400,8
1400,6
1400,2
1400,5
1400,5
1400,7
1400,3
1400,1
1400,16
1400,7
1400,8
1400,13
1400,19
1400,13
1400,11
1400,4
1400,1
1400,3
1400,37
1400,21
1400,11
1400,6
1400,1
1400,8
1500,10
1500,1
1500,1
1500,2
1500,17
1500,7
1500,4
1500,2
1500,7
1500,2
1500,2
1500,12
1500,2
1500,14
1500,5
1500,2
1500,1
1500,46
1500,6
1500,2
1500,1
1500,11
1500,6
1500,3
1500,2
1500,4
1500,21
1500,1
1500,26
1500,6
1500,7
1500,6
1500,19
1500,30
1500,3
1500,2
1500,12
1500,3
1500,6
1500,3
1500,4
1500,4
1500,6
1500,3
1500,13
1500,12
1500,1
1500,6
1500,45
1500,3
1600,8
1600,3
1600,10
1600,21
1600,29
1600,8
1600,1
1600,26
1600,16
1600,10
1600,6
1600,20
1600,2
1600,2
1600,2
1600,5
1600,8
1600,13
1600,9
1600,18
1600,3
1600,8
1600,1
1600,8
1600,5
1600,12
1600,1
1600,8
1600,7
1600,8
1600,2
1600,6
1600,4
1600,4
1600,8
1600,14
1600,17
1600,12
1600,3
1600,10
1600,8
1600,3
1600,7
1600,1
1600,8
1600,15
1600,11
1600,6
1600,11
1600,22
1700,6
1700,9
1700,1
1700,2
1700,37
1700,10
1700,10
1700,2
1700,23
1700,15
1700,20
1700,16
1700,5
1700,1
1700,1
1700,9
1700,11
1700,18
1700,12
1700,5
1700,12
1700,1
1700,7
1700,19
1700,15
1700,4
1700,9
1700,4
1700,21
1700,2
1700,40
1700,11
1700,7
1700,9
1700,17
1700,13
1700,20
1700,15
1700,1
1700,10
1700,10
1700,12
1700,6
1700,22
1700,6
1700,3
1700,6
1700,27
1700,6
1700,20
1800,4
1800,16
1800,2
1800,11
1800,29
1800,6
1800,25
1800,1
1800,6
1800,13
1800,14
1800,43
1800,13
1800,7
1800,1
1800,27
1800,39
1800,1
1800,8
1800,3
1800,7
1800,16
1800,11
1800,21
1800,6
1800,8
1800,5
1800,26
1800,2
1800,24
1800,9
1800,1
1800,9
1800,5
1800,3
1800,7
1800,5
1800,3
1800,17
1800,21
1800,18
1800,9
1800,14
1800,8
1800,10
1800,17
1800,3
1800,3
1800,1
1800,3
1900,14
1900,9
1900,1
1900,21
1900,23
1900,1
1900,9
1900,8
1900,5
1900,6
1900,7
1900,30
1900,1
1900,9
1900,5
1900,6
1900,8
1900,4
1900,6
1900,15
1900,10
1900,24
1900,15
1900,4
1900,1
1900,9
1900,5
1900,2
1900,12
1900,5
1900,25
1900,17
1900,1
1900,1
1900,2
1900,17
1900,2
1900,1
1900,1
1900,11
1900,10
1900,3
1900,7
1900,12
1900,11
1900,5
1900,19
1900,3
1900,5
1900,3
2000,2
2000,3
2000,12
2000,17
2000,2
2000,4
2000,8
2000,2
2000,7
2000,2
2000,3
2000,2
2000,1
2000,9
2000,3
2000,7
2000,4
2000,33
2000,37
2000,8
2000,2
2000,3
2000,12
2000,5
2000,1
2000,3
2000,18
2000,4
2000,7
2000,32
2000,12
2000,10
2000,18
2000,19
2000,10
2000,17
2000,14
2000,2
2000,2
2000,15
2000,3
2000,26
2000,10
2000,35
2000,16
2000,3
2000,2
2000,7
2000,2
2000,19
2100,15
2100,5
2100,10
2100,1
2100,10
2100,24
2100,11
2100,7
2100,38
2100,1
2100,13
2100,42
2100,8
2100,10
2100,11
2100,2
2100,5
2100,3
2100,7
2100,3
2100,2
2100,3
2100,5
2100,21
2100,6
2100,1
2100,12
2100,30
2100,39
2100,10
2100,2
2100,2
2100,8
2100,4
2100,2
2100,2
2100,5
2100,19
2100,1
2100,39
2100,31
2100,31
2100,25
2100,20
2100,19
2100,5
2100,1
2100,7
2100,22
2100,15
2200,2
2200,3
2200,1
2200,2
2200,8
2200,9
2200,4
2200,48
2200,10
2200,7
2200,20
2200,2
2200,3
2200,3
2200,6
2200,1
2200,22
2200,14
2200,4
2200,23
2200,10
2200,10
2200,9
2200,7
2200,1
2200,11
2200,2
2200,5
2200,10
2200,15
2200,1
2200,3
2200,4
2200,32
2200,11
2200,8
2200,2
2200,17
2200,5
2200,10
2200,11
2200,7
2200,2
2200,5
2200,12
2200,13
2200,5
2200,3
2200,2
2200,14
2300,6
2300,8
2300,3
2300,22
2300,6
2300,3
2300,3
2300,14
2300,4
2300,2
2300,5
2300,19
2300,35
2300,20
2300,16
2300,11
2300,1
2300,7
2300,16
2300,46
2300,6
2300,1
2300,21
2300,15
2300,9
2300,33
2300,21
2300,6
2300,9
2300,3
2300,24
2300,5
2300,12
2300,22
2300,4
2300,11
2300,19
2300,7
2300,3
2300,29
2300,4
2300,5
2300,8
2300,24
2300,13
2300,5
2300,2
2300,2
2300,14
2300,15
2400,13
2400,15
2400,7
2400,4
2400,9
2400,14
2400,2
2400,3
2400,12
2400,3
2400,15
2400,17
2400,6
2400,20
2400,1
2400,9
2400,2
2400,5
2400,5
2400,3
2400,1
2400,21
2400,9
2400,5
2400,2
2400,16
2400,35
2400,1
2400,19
2400,2
2400,3
2400,7
2400,6
2400,12
2400,30
2400,18
2400,1
2400,3
2400,3
2400,8
2400,42
2400,18
2400,2
2400,3
2400,47
2400,6
2400,2
2400,1
2400,4
2400,14
2500,30
2500,37
2500,1
2500,5
2500,3
2500,14
2500,8
2500,1
2500,10
2500,1
2500,2
2500,51
2500,2
2500,12
2500,5
2500,9
2500,4
2500,13
2500,11
2500,2
2500,9
2500,7
2500,1
2500,9
2500,4
2500,1
2500,3
2500,3
2500,1
2500,3
2500,22
2500,26
2500,28
2500,7
2500,20
2500,49
2500,3
2500,12
2500,3
2500,45
2500,2
2500,9
2500,9
2500,12
2500,27
2500,14
2500,3
2500,5
2500,5
2500,3
2600,5
2600,7
2600,1
2600,1
2600,6
2600,17
2600,4
2600,23
2600,20
2600,8
2600,5
2600,2
2600,21
2600,2
2600,11
2600,4
2600,11
2600,4
2600,1
2600,4
2600,11
2600,33
2600,17
2600,4
2600,15
2600,3
2600,1
2600,12
2600,16
2600,6
2600,10
2600,2
2600,5
2600,9
2600,14
2600,4
2600,19
2600,10
2600,8
2600,20
2600,3
2600,6
2600,30
2600,22
2600,4
2600,6
2600,14
2600,13
2600,3
2600,20
2700,17
2700,11
2700,1
2700,2
2700,6
2700,9
2700,9
2700,5
2700,5
2700,9
2700,15
2700,4
2700,8
2700,35
2700,4
2700,1
2700,12
2700,1
2700,15
2700,36
2700,2
2700,5
2700,28
2700,12
2700,8
2700,6
2700,22
2700,9
2700,11
2700,8
2700,6
2700,13
2700,19
2700,2
2700,2
2700,2
2700,3
2700,24
2700,15
2700,2
2700,15
2700,6
2700,3
2700,2
2700,4
2700,6
2700,5
2700,4
2700,17
2700,3
2800,2
2800,11
2800,4
2800,7
2800,24
2800,4
2800,25
2800,4
2800,2
2800,7
2800,11
2800,19
2800,15
2800,20
2800,12
2800,2
2800,16
2800,14
2800,17
2800,1
2800,3
2800,3
2800,1
2800,5
2800,14
2800,12
2800,8
2800,4
2800,21
2800,18
2800,9
2800,3
2800,1
2800,4
2800,2
2800,6
2800,8
2800,14
2800,14
2800,14
2800,16
2800,1
2800,21
2800,4
2800,11
2800,13
2800,15
2800,1
2800,11
2800,14
2900,9
2900,21
2900,9
2900,5
2900,35
2900,6
2900,17
2900,7
2900,7
2900,6
2900,19
2900,14
2900,1
2900,11
2900,19
2900,6
2900,14
2900,5
2900,2
2900,10
2900,4
2900,2
2900,9
2900,16
2900,14
2900,22
2900,13
2900,4
2900,6
2900,1
2900,22
2900,1
2900,10
2900,1
2900,4
2900,7
2900,1
2900,3
2900,20
2900,2
2900,3
2900,34
2900,8
2900,19
2900,4
2900,38
2900,5
2900,24
2900,15
2900,7
3000,17
3000,33
3000,16
3000,5
3000,13
3000,17
3000,5
3000,6
3000,1
3000,7
3000,5
3000,2
3000,12
3000,13
3000,8
3000,8
3000,7
3000,2
3000,2
3000,2
3000,1
3000,12
3000,25
3000,4
3000,5
3000,17
3000,9
3000,1
3000,7
3000,9
3000,3
3000,4
3000,29
3000,3
3000,4
3000,21
3000,2
3000,6
3000,3
3000,9
3000,4
3000,1
3000,1
3000,14
3000,20
3000,13
3000,10
3000,3
3000,24
3000,12
3100,6
3100,10
3100,2
3100,1
3100,10
3100,2
3100,4
3100,5
3100,18
3100,8
3100,21
3100,6
3100,6
3100,6
3100,23
3100,10
3100,13
3100,4
3100,3
3100,8
3100,9
3100,9
3100,6
3100,15
3100,9
3100,19
3100,8
3100,3
3100,7
3100,15
3100,11
3100,10
3100,11
3100,17
3100,15
3100,6
3100,7
3100,3
3100,14
3100,24
3100,3
3100,5
3100,4
3100,15
3100,3
3100,5
3100,41
3100,9
3100,2
3100,3
3200,1
3200,29
3200,17
3200,35
3200,4
3200,11
3200,6
3200,6
3200,45
3200,5
3200,4
3200,1
3200,46
3200,13
3200,23
3200,14
3200,3
3200,3
3200,1
3200,3
3200,1
3200,4
3200,12
3200,2
3200,9
3200,28
3200,3
3200,2
3200,1
3200,3
3200,3
3200,16
3200,5
3200,11
3200,9
3200,20
3200,1
3200,2
3200,13
3200,3
3200,6
3200,11
3200,3
3200,5
3200,11
3200,36
3200,23
3200,14
3200,36
3200,6
3300,1
3300,4
3300,8
3300,16
3300,11
3300,1
3300,18
3300,31
3300,3
3300,12
3300,7
3300,11
3300,1
3300,7
3300,8
3300,9
3300,1
3300,2
3300,4
3300,14
3300,17
3300,5
3300,20
3300,12
3300,28
3300,9
3300,6
3300,4
3300,14
3300,4
3300,10
3300,23
3300,15
3300,22
3300,17
3300,13
3300,7
3300,15
3300,8
3300,4
3300,3
3300,4
3300,1
3300,7
3300,5
3300,16
3300,21
3300,20
3300,20
3300,1
3400,5
3400,26
3400,2
3400,17
3400,9
3400,3
3400,13
3400,6
3400,1
3400,6
3400,23
3400,16
3400,25
3400,12
3400,9
3400,7
3400,11
3400,2
3400,29
3400,25
3400,13
3400,7
3400,12
3400,16
3400,5
3400,4
3400,8
3400,9
3400,18
3400,13
3400,6
3400,7
3400,4
3400,10
3400,4
3400,2
3400,4
3400,20
3400,5
3400,4
3400,2
3400,11
3400,4
3400,16
3400,6
3400,54
3400,1
3400,6
3400,7
3400,20
3500,19
3500,2
3500,9
3500,9
3500,27
3500,24
3500,1
3500,8
3500,3
3500,8
3500,4
3500,4
3500,9
3500,1
3500,13
3500,2
3500,22
3500,13
3500,15
3500,4
3500,32
3500,5
3500,1
3500,10
3500,3
3500,3
3500,8
3500,4
3500,4
3500,3
3500,6
3500,6
3500,7
3500,5
3500,8
3500,1
3500,11
3500,1
3500,13
3500,28
3500,10
3500,4
3500,25
3500,9
3500,1
3500,2
3500,11
3500,1
3500,2
3500,12
3600,8
3600,14
3600,5
3600,5
3600,17
3600,4
3600,12
3600,18
3600,2
3600,28
3600,6
3600,14
3600,2
3600,49
3600,3
3600,20
3600,4
3600,2
3600,4
3600,16
3600,2
3600,21
3600,13
3600,11
3600,6
3600,18
3600,2
3600,11
3600,8
3600,14
3600,13
3600,12
3600,10
3600,5
3600,13
3600,32
3600,21
3600,15
3600,23
3600,2
3600,13
3600,3
3600,15
3600,10
3600,5
3600,7
3600,6
3600,6
3600,7
3600,17
3700,20
3700,3
3700,7
3700,21
3700,19
3700,21
3700,7
3700,19
3700,8
3700,6
3700,13
3700,15
3700,5
3700,39
3700,2
3700,2
3700,24
3700,19
3700,12
3700,19
3700,20
3700,3
3700,1
3700,4
3700,2
3700,12
3700,20
3700,1
3700,8
3700,11
3700,10
3700,4
3700,28
3700,12
3700,4
3700,1
3700,22
3700,11
3700,14
3700,2
3700,4
3700,7
3700,2
3700,7
3700,14
3700,7
3700,9
3700,6
3700,3
3700,1
3800,22
3800,2
3800,12
3800,1
3800,2
3800,8
3800,2
3800,27
3800,13
3800,2
3800,7
3800,27
3800,26
3800,13
3800,14
3800,6
3800,1
3800,9
3800,12
3800,15
3800,2
3800,13
3800,8
3800,6
3800,43
3800,8
3800,9
3800,11
3800,24
3800,6
3800,2
3800,3
3800,11
3800,14
3800,11
3800,62
3800,5
3800,21
3800,19
3800,8
3800,4
3800,13
3800,10
3800,3
3800,1
3800,3
3800,10
3800,32
3800,10
3800,2
3900,3
3900,3
3900,1
3900,8
3900,21
3900,13
3900,12
3900,35
3900,3
3900,8
3900,7
3900,10
3900,7
3900,7
3900,1
3900,9
3900,7
3900,23
3900,9
3900,14
3900,10
3900,11
3900,3
3900,5
3900,9
3900,4
3900,13
3900,14
3900,4
3900,5
3900,3
3900,8
3900,2
3900,5
3900,1
3900,10
3900,7
3900,3
3900,14
3900,3
3900,9
3900,8
3900,10
3900,14
3900,6
3900,5
3900,4
3900,6
3900,14
3900,2
4000,3
4000,20
4000,44
4000,27
4000,6
4000,8
4000,5
4000,11
4000,6
4000,7
4000,2
4000,16
4000,10
4000,8
4000,20
4000,36
4000,25
4000,8
4000,8
4000,2
4000,5
4000,16
4000,10
4000,14
4000,27
4000,4
4000,1
4000,13
4000,2
4000,7
4000,9
4000,10
4000,27
4000,25
4000,20
4000,9
4000,29
4000,9
4000,7
4000,24
4000,17
4000,11
4000,1
4000,11
4000,4
4000,8
4000,16
4000,4
4000,5
4000,7
4100,22
4100,18
4100,24
4100,3
4100,6
4100,1
4100,2
4100,4
4100,4
4100,6
4100,7
4100,25
4100,7
4100,1
4100,12
4100,8
4100,3
4100,19
4100,28
4100,2
4100,6
4100,11
4100,11
4100,5
4100,1
4100,2
4100,1
4100,12
4100,4
4100,2
4100,1
4100,22
4100,1
4100,1
4100,5
4100,8
4100,3
4100,13
4100,9
4100,5
4100,8
4100,3
4100,21
4100,2
4100,14
4100,11
4100,14
4100,9
4100,9
4100,21
4200,1
4200,21
4200,7
4200,22
4200,1
4200,21
4200,11
4200,10
4200,12
4200,5
4200,28
4200,6
4200,3
4200,9
4200,8
4200,17
4200,6
4200,12
4200,1
4200,3
4200,1
4200,43
4200,21
4200,4
4200,4
4200,5
4200,1
4200,18
4200,17
4200,5
4200,8
4200,8
4200,4
4200,3
4200,3
4200,1
4200,9
4200,9
4200,7
4200,10
4200,3
4200,20
4200,38
4200,18
4200,3
4200,11
4200,15
4200,18
4200,45
4200,12
4300,1
4300,16
4300,3
4300,11
4300,22
4300,8
4300,8
4300,12
4300,9
4300,1
4300,16
4300,25
4300,5
4300,7
4300,14
4300,17
4300,3
4300,7
4300,5
4300,8
4300,2
4300,2
4300,1
4300,6
4300,2
4300,9
4300,30
4300,10
4300,3
4300,25
4300,1
4300,3
4300,4
4300,13
4300,2
4300,5
4300,1
4300,6
4300,2
4300,5
4300,5
4300,10
4300,6
4300,1
4300,2
4300,46
4300,9
4300,50
4300,3
4300,6
4400,4
4400,18
4400,3
4400,9
4400,9
4400,8
4400,7
4400,6
4400,12
4400,15
4400,1
4400,2
4400,17
4400,6
4400,8
4400,13
4400,5
4400,3
4400,18
4400,5
4400,1
4400,1
4400,12
4400,17
4400,16
4400,1
4400,7
4400,2
4400,6
4400,2
4400,4
4400,12
4400,5
4400,20
4400,18
4400,9
4400,7
4400,1
4400,2
4400,6
4400,4
4400,12
4400,40
4400,4
4400,12
4400,9
4400,10
4400,11
4400,8
4400,3
4500,10
4500,16
4500,12
4500,39
4500,6
4500,7
4500,15
4500,24
4500,14
4500,38
4500,9
4500,4
4500,20
4500,4
4500,14
4500,8
4500,12
4500,15
4500,51
4500,6
4500,8
4500,33
4500,18
4500,22
4500,2
4500,14
4500,1
4500,10
4500,4
4500,10
4500,3
4500,2
4500,9
4500,10
4500,16
4500,2
4500,26
4500,16
4500,11
4500,5
4500,1
4500,23
4500,31
4500,10
4500,2
4500,9
4500,2
4500,10
4500,3
4500,23
4600,27
4600,7
4600,31
4600,1
4600,4
4600,4
4600,22
4600,3
4600,9
4600,6
4600,2
4600,6
4600,11
4600,29
4600,11
4600,27
4600,12
4600,4
4600,1
4600,15
4600,2
4600,3
4600,9
4600,1
4600,10
4600,3
4600,15
4600,1
4600,28
4600,27
4600,15
4600,2
4600,1
4600,16
4600,40
4600,10
4600,2
4600,10
4600,1
4600,1
4600,25
4600,14
4600,3
4600,3
4600,4
4600,3
4600,23
4600,2
4600,14
4600,20
4700,52
4700,36
4700,15
4700,4
4700,14
4700,7
4700,9
4700,1
4700,5
4700,1
4700,4
4700,7
4700,4
4700,22
4700,7
4700,1
4700,1
4700,8
4700,10
4700,1
4700,7
4700,25
4700,25
4700,7
4700,25
4700,8
4700,16
4700,12
4700,18
4700,2
4700,9
4700,19
4700,1
4700,4
4700,7
4700,18
4700,7
4700,42
4700,9
4700,3
4700,24
4700,9
4700,14
4700,22
4700,2
4700,21
4700,14
4700,9
4700,4
4700,1
4800,6
4800,2
4800,17
4800,1
4800,14
4800,20
4800,17
4800,1
4800,18
4800,1
4800,32
4800,6
4800,22
4800,2
4800,3
4800,19
4800,13
4800,13
4800,9
4800,20
4800,5
4800,5
4800,19
4800,9
4800,17
4800,12
4800,21
4800,2
4800,13
4800,16
4800,15
4800,1
4800,12
4800,19
4800,12
4800,3
4800,2
4800,4
4800,19
4800,19
4800,6
4800,5
4800,3
4800,33
4800,2
4800,2
4800,55
4800,7
4800,23
4800,9
4900,1
4900,4
4900,19
4900,2
4900,2
4900,15
4900,17
4900,2
4900,14
4900,2
4900,15
4900,6
4900,8
4900,8
4900,2
4900,6
4900,5
4900,4
4900,2
4900,14
4900,2
4900,6
4900,1
4900,2
4900,1
4900,14
4900,5
4900,24
4900,4
4900,13
4900,11
4900,1
4900,12
4900,7
4900,34
4900,3
4900,22
4900,17
4900,1
4900,2
4900,4
4900,21
4900,2
4900,10
4900,17
4900,4
4900,6
4900,2
4900,11
4900,1
5000,1
5000,17
5000,5
5000,16
5000,39
5000,6
5000,1
5000,6
5000,24
5000,11
5000,12
5000,5
5000,2
5000,13
5000,4
5000,13
5000,5
5000,10
5000,23
5000,8
5000,2
5000,21
5000,16
5000,4
5000,6
5000,6
5000,3
5000,12
5000,30
5000,10
5000,12
5000,4
5000,2
5000,18
5000,6
5000,1
5000,5
5000,5
5000,1
5000,8
5000,5
5000,16
5000,3
5000,1
5000,1
5000,17
5000,10
5000,44
5000,1
5000,6
5100,17
5100,8
5100,4
5100,6
5100,4
5100,1
5100,15
5100,3
5100,2
5100,5
5100,7
5100,12
5100,13
5100,14
5100,21
5100,10
5100,4
5100,39
5100,22
5100,14
5100,3
5100,10
5100,27
5100,1
5100,17
5100,5
5100,4
5100,4
5100,18
5100,4
5100,4
5100,26
5100,2
5100,14
5100,13
5100,18
5100,24
5100,41
5100,8
5100,12
5100,3
5100,30
5100,20
5100,16
5100,5
5100,43
5100,1
5100,14
5100,11
5100,49
5200,7
5200,5
5200,35
5200,5
5200,12
5200,9
5200,1
5200,1
5200,6
5200,10
5200,7
5200,4
5200,2
5200,8
5200,6
5200,19
5200,5
5200,9
5200,2
5200,9
5200,13
5200,9
5200,3
5200,6
5200,2
5200,6
5200,4
5200,6
5200,15
5200,12
5200,1
5200,32
5200,2
5200,3
5200,3
5200,12
5200,2
5200,2
5200,11
5200,19
5200,6
5200,6
5200,2
5200,22
5200,6
5200,19
5200,3
5200,5
5200,5
5200,5
5300,8
5300,5
5300,8
5300,4
5300,22
5300,4
5300,12
5300,19
5300,16
5300,4
5300,8
5300,4
5300,2
5300,19
5300,1
5300,25
5300,19
5300,2
5300,17
5300,12
5300,2
5300,14
5300,3
5300,2
5300,1
5300,14
5300,4
5300,12
5300,15
5300,5
5300,7
5300,6
5300,7
5300,8
5300,9
5300,18
5300,10
5300,29
5300,27
5300,24
5300,1
5300,19
5300,16
5300,14
5300,4
5300,12
5300,2
5300,29
5300,8
5300,14
5400,11
5400,4
5400,7
5400,7
5400,2
5400,14
5400,1
5400,12
5400,4
5400,2
5400,1
5400,15
5400,11
5400,10
5400,8
5400,16
5400,5
5400,21
5400,10
5400,2
5400,3
5400,4
5400,4
5400,1
5400,1
5400,14
5400,25
5400,5
5400,17
5400,15
5400,11
5400,15
5400,15
5400,17
5400,1
5400,4
5400,2
5400,30
5400,16
5400,12
5400,11
5400,2
5400,13
5400,9
5400,13
5400,17
5400,6
5400,12
5400,5
5400,2
5500,21
5500,7
5500,6
5500,6
5500,5
5500,3
5500,13
5500,4
5500,2
5500,6
5500,5
5500,5
5500,21
5500,14
5500,6
5500,5
5500,6
5500,20
5500,1
5500,61
5500,10
5500,4
5500,8
5500,6
5500,6
5500,3
5500,8
5500,22
5500,9
5500,11
5500,4
5500,22
5500,5
5500,18
5500,17
5500,14
5500,9
5500,26
5500,2
5500,4
5500,4
5500,8
5500,10
5500,5
5500,8
5500,24
5500,1
5500,2
5500,7
5500,32
5600,14
5600,2
5600,1
5600,20
5600,7
5600,1
5600,9
5600,15
5600,33
5600,11
5600,12
5600,47
5600,8
5600,3
5600,10
5600,26
5600,2
5600,37
5600,1
5600,1
5600,14
5600,1
5600,4
5600,15
5600,15
5600,10
5600,8
5600,14
5600,11
5600,1
5600,19
5600,3
5600,1
5600,18
5600,7
5600,8
5600,38
5600,1
5600,6
5600,8
5600,28
5600,10
5600,7
5600,7
5600,22
5600,10
5600,27
5600,6
5600,6
5600,10
5700,1
5700,1
5700,6
5700,9
5700,12
5700,1
5700,3
5700,33
5700,20
5700,19
5700,9
5700,12
5700,3
5700,5
5700,5
5700,13
5700,1
5700,25
5700,9
5700,3
5700,7
5700,32
5700,1
5700,3
5700,4
5700,5
5700,1
5700,11
5700,3
5700,3
5700,14
5700,16
5700,1
5700,3
5700,2
5700,21
5700,42
5700,4
5700,7
5700,1
5700,4
5700,5
5700,4
5700,35
5700,8
5700,40
5700,8
5700,10
5700,5
5700,26
5800,15
5800,13
5800,9
5800,3
5800,11
5800,2
5800,1
5800,3
5800,2
5800,5
5800,17
5800,14
5800,19
5800,15
5800,4
5800,2
5800,9
5800,5
5800,5
5800,12
5800,33
5800,1
5800,5
5800,7
5800,3
5800,13
5800,12
5800,4
5800,7
5800,14
5800,14
5800,4
5800,12
5800,3
5800,18
5800,7
5800,1
5800,4
5800,47
5800,5
5800,20
5800,3
5800,19
5800,16
5800,3
5800,9
5800,26
5800,20
5800,15
5800,22
5900,15
5900,12
5900,5
5900,6
5900,1
5900,1
5900,3
5900,26
5900,15
5900,10
5900,2
5900,10
5900,21
5900,4
5900,12
5900,1
5900,1
5900,26
5900,7
5900,3
5900,16
5900,4
5900,1
5900,3
5900,28
5900,3
5900,6
5900,35
5900,1
5900,19
5900,10
5900,14
5900,11
5900,5
5900,6
5900,9
5900,12
5900,15
5900,12
5900,2
5900,9
5900,3
5900,1
5900,5
5900,25
5900,1
5900,4
5900,21
5900,5
5900,3
6000,15
6000,1
6000,11
6000,12
6000,6
6000,2
6000,8
6000,21
6000,2
6000,2
6000,55
6000,11
6000,3
6000,3
6000,3
6000,6
6000,16
6000,6
6000,3
6000,1
6000,2
6000,3
6000,20
6000,3
6000,1
6000,4
6000,2
6000,27
6000,3
6000,22
6000,34
6000,28
6000,6
6000,15
6000,3
6000,11
6000,11
6000,9
6000,9
6000,1
6000,6
6000,6
6000,1
6000,3
6000,2
6000,6
6000,24
6000,6
6000,9
6000,7
6100,6
6100,7
6100,21
6100,10
6100,8
6100,29
6100,17
6100,2
6100,11
6100,33
6100,6
6100,9
6100,3
6100,35
6100,14
6100,8
6100,11
6100,6
6100,2
6100,14
6100,15
6100,31
6100,17
6100,20
6100,5
6100,14
6100,7
6100,1
6100,3
6100,1
6100,8
6100,25
6100,8
6100,15
6100,12
6100,11
6100,2
6100,7
6100,1
6100,25
6100,7
6100,29
6100,12
6100,5
6100,2
6100,8
6100,8
6100,12
6100,12
6100,7
6200,4
6200,4
6200,6
6200,4
6200,16
6200,1
6200,2
6200,7
6200,16
6200,2
6200,8
6200,3
6200,20
6200,1
6200,2
6200,10
6200,7
6200,2
6200,5
6200,6
6200,4
6200,7
6200,4
6200,33
6200,3
6200,2
6200,2
6200,4
6200,4
6200,1
6200,14
6200,9
6200,38
6200,2
6200,7
6200,14
6200,3
6200,4
6200,4
6200,5
6200,23
6200,15
6200,9
6200,2
6200,37
6200,1
6200,7
6200,9
6200,13
6200,2
6300,1
6300,6
6300,10
6300,9
6300,2
6300,17
6300,18
6300,33
6300,4
6300,1
6300,27
6300,3
6300,11
6300,5
6300,11
6300,2
6300,2
6300,7
6300,12
6300,10
6300,9
6300,8
6300,36
6300,3
6300,7
6300,1
6300,10
6300,21
6300,1
6300,23
6300,10
6300,20
6300,7
6300,6
6300,12
6300,2
6300,1
6300,2
6300,18
6300,3
6300,8
6300,33
6300,3
6300,2
6300,2
6300,4
6300,13
6300,1
6300,16
6300,5
6400,6
6400,28
6400,4
6400,2
6400,12
6400,9
6400,6
6400,7
6400,63
6400,6
6400,7
6400,2
6400,4
6400,2
6400,7
6400,4
6400,23
6400,1
6400,4
6400,2
6400,20
6400,6
6400,20
6400,18
6400,1
6400,1
6400,21
6400,11
6400,6
6400,13
6400,11
6400,3
6400,21
6400,10
6400,24
6400,9
6400,2
6400,10
6400,3
6400,3
6400,14
6400,21
6400,47
6400,3
6400,8
6400,2
6400,6
6400,6
6400,5
6400,3
6500,3
6500,25
6500,12
6500,7
6500,20
6500,1
6500,3
6500,9
6500,7
6500,8
6500,4
6500,5
6500,3
6500,3
6500,28
6500,5
6500,2
6500,8
6500,33
6500,10
6500,9
6500,1
6500,7
6500,2
6500,18
6500,3
6500,21
6500,7
6500,4
6500,1
6500,14
6500,3
6500,3
6500,2
6500,19
6500,13
6500,1
6500,18
6500,8
6500,1
6500,24
6500,1
6500,10
6500,20
6500,3
6500,1
6500,11
6500,11
6500,23
6500,45
6600,1
6600,2
6600,8
6600,2
6600,29
6600,7
6600,3
6600,5
6600,7
6600,18
6600,13
6600,22
6600,7
6600,5
6600,6
6600,10
6600,9
6600,4
6600,10
6600,14
6600,65
6600,11
6600,3
6600,3
6600,6
6600,34
6600,25
6600,5
6600,3
6600,4
6600,14
6600,9
6600,14
6600,4
6600,4
6600,22
6600,35
6600,8
6600,13
6600,9
6600,9
6600,9
6600,11
6600,8
6600,7
6600,5
6600,2
6600,18
6600,6
6600,9
6700,25
6700,2
6700,8
6700,3
6700,22
6700,8
6700,15
6700,8
6700,16
6700,1
6700,7
6700,5
6700,8
6700,7
6700,15
6700,7
6700,2
6700,5
6700,21
6700,2
6700,1
6700,41
6700,21
6700,5
6700,6
6700,23
6700,12
6700,3
6700,16
6700,6
6700,4
6700,39
6700,8
6700,12
6700,25
6700,5
6700,4
6700,5
6700,3
6700,4
6700,1
6700,3
6700,6
6700,2
6700,14
6700,8
6700,4
6700,2
6700,3
6700,17
6800,8
6800,5
6800,14
6800,8
6800,17
6800,15
6800,12
6800,1
6800,1
6800,6
6800,3
6800,4
6800,11
6800,12
6800,37
6800,5
6800,5
6800,8
6800,8
6800,15
6800,6
6800,10
6800,4
6800,10
6800,7
6800,2
6800,2
6800,5
6800,4
6800,20
6800,5
6800,9
6800,1
6800,5
6800,1
6800,8
6800,9
6800,53
6800,2
6800,1
6800,2
6800,4
6800,8
6800,12
6800,11
6800,5
6800,8
6800,7
6800,4
6800,2
6900,15
6900,3
6900,37
6900,8
6900,14
6900,9
6900,14
6900,3
6900,4
6900,13
6900,2
6900,11
6900,4
6900,6
6900,2
6900,18
6900,7
6900,11
6900,2
6900,8
6900,16
6900,5
6900,19
6900,3
6900,10
6900,7
6900,1
6900,2
6900,15
6900,4
6900,8
6900,8
6900,1
6900,3
6900,10
6900,2
6900,3
6900,3
6900,19
6900,5
6900,6
6900,3
6900,46
6900,1
6900,1
6900,12
6900,12
6900,3
6900,2
6900,14
7000,5
7000,9
7000,6
7000,24
7000,10
7000,26
7000,54
7000,5
7000,2
7000,4
7000,20
7000,32
7000,1
7000,10
7000,17
7000,5
7000,8
7000,32
7000,11
7000,2
7000,7
7000,11
7000,5
7000,3
7000,14
7000,3
7000,4
7000,23
7000,2
7000,11
7000,1
7000,17
7000,6
7000,7
7000,18
7000,15
7000,3
7000,1
7000,4
7000,16
7000,15
7000,8
7000,4
7000,2
7000,12
7000,11
7000,10
7000,3
7000,14
7000,18
7100,7
7100,6
7100,5
7100,9
7100,17
7100,1
7100,5
7100,1
7100,23
7100,15
7100,3
7100,3
7100,12
7100,8
7100,2
7100,10
7100,2
7100,9
7100,11
7100,3
7100,5
7100,6
7100,16
7100,7
7100,2
7100,8
7100,3
7100,23
7100,6
7100,4
7100,16
7100,3
7100,21
7100,1
7100,3
7100,7
7100,12
7100,13
7100,4
7100,23
7100,11
7100,9
7100,3
7100,7
7100,7
7100,24
7100,18
7100,3
7100,19
7100,3
7200,4
7200,9
7200,2
7200,11
7200,11
7200,6
7200,8
7200,3
7200,19
7200,3
7200,5
7200,13
7200,4
7200,10
7200,3
7200,9
7200,41
7200,13
7200,4
7200,9
7200,5
7200,20
7200,16
7200,11
7200,2
7200,25
7200,4
7200,2
7200,4
7200,3
7200,22
7200,18
7200,5
7200,13
7200,5
7200,1
7200,8
7200,12
7200,1
7200,10
7200,11
7200,10
7200,33
7200,7
7200,13
7200,4
7200,11
7200,1
7200,20
7200,2
7300,25
7300,1
7300,2
7300,7
7300,6
7300,16
7300,26
7300,6
7300,23
7300,4
7300,39
7300,7
7300,3
7300,1
7300,5
7300,16
7300,3
7300,16
7300,9
7300,6
7300,7
7300,1
7300,11
7300,9
7300,3
7300,15
7300,1
7300,2
7300,4
7300,3
7300,2
7300,2
7300,1
7300,1
7300,23
7300,5
7300,5
7300,13
7300,11
7300,13
7300,4
7300,3
7300,5
7300,6
7300,10
7300,11
7300,6
7300,1
7300,5
7300,7
7400,6
7400,21
7400,8
7400,14
7400,18
7400,6
7400,2
7400,25
7400,14
7400,11
7400,4
7400,9
7400,9
7400,23
7400,8
7400,6
7400,11
7400,6
7400,7
7400,22
7400,1
7400,3
7400,5
7400,10
7400,6
7400,7
7400,8
7400,12
7400,23
7400,17
7400,1
7400,1
7400,3
7400,4
7400,2
7400,2
7400,6
7400,6
7400,9
7400,4
7400,15
7400,6
7400,3
7400,6
7400,7
7400,8
7400,14
7400,13
7400,21
7400,7
7500,8
7500,3
7500,4
7500,1
7500,20
7500,11
7500,4
7500,17
7500,29
7500,12
7500,6
7500,20
7500,5
7500,14
7500,10
7500,16
7500,2
7500,4
7500,11
7500,1
7500,9
7500,4
7500,2
7500,6
7500,14
7500,9
7500,23
7500,4
7500,26
7500,1
7500,4
7500,1
7500,1
7500,1
7500,3
7500,11
7500,24
7500,3
7500,4
7500,5
7500,5
7500,4
7500,10
7500,41
7500,11
7500,22
7500,66
7500,5
7500,1
7500,11
7600,1
7600,4
7600,10
7600,43
7600,8
7600,2
7600,2
7600,14
7600,8
7600,15
7600,1
7600,4
7600,10
7600,5
7600,1
7600,15
7600,6
7600,1
7600,17
7600,4
7600,7
7600,57
7600,2
7600,9
7600,4
7600,4
7600,24
7600,9
7600,9
7600,4
7600,7
7600,34
7600,5
7600,5
7600,1
7600,8
7600,3
7600,18
7600,1
7600,4
7600,2
7600,7
7600,1
7600,29
7600,6
7600,10
7600,5
7600,5
7600,2
7600,6
7700,19
7700,4
7700,16
7700,5
7700,1
7700,9
7700,5
7700,4
7700,8
7700,7
7700,5
7700,9
7700,6
7700,9
7700,11
7700,8
7700,10
7700,26
7700,12
7700,96
7700,2
7700,16
7700,1
7700,52
7700,7
7700,18
7700,6
7700,16
7700,4
7700,6
7700,3
7700,4
7700,32
7700,8
7700,7
7700,7
7700,10
7700,8
7700,4
7700,22
7700,3
7700,1
7700,3
7700,18
7700,23
7700,7
7700,10
7700,13
7700,1
7700,14
7800,21
7800,1
7800,1
7800,21
7800,7
7800,1
7800,20
7800,23
7800,14
7800,11
7800,12
7800,2
7800,22
7800,11
7800,8
7800,3
7800,15
7800,3
7800,5
7800,2
7800,8
7800,2
7800,13
7800,5
7800,1
7800,16
7800,8
7800,16
7800,3
7800,24
7800,5
7800,4
7800,28
7800,4
7800,1
7800,13
7800,19
7800,10
7800,3
7800,13
7800,1
7800,9
7800,25
7800,1
7800,8
7800,17
7800,1
7800,1
7800,3
7800,3
7900,37
7900,1
7900,2
7900,13
7900,1
7900,3
7900,6
7900,1
7900,8
7900,9
7900,29
7900,9
7900,17
7900,8
7900,5
7900,15
7900,7
7900,22
7900,15
7900,4
7900,6
7900,21
7900,22
7900,13
7900,4
7900,11
7900,4
7900,42
7900,4
7900,11
7900,6
7900,27
7900,16
7900,11
7900,33
7900,30
7900,2
7900,16
7900,2
7900,28
7900,2
7900,3
7900,13
7900,8
7900,4
7900,10
7900,10
7900,1
7900,6
7900,3
8000,4
8000,18
8000,32
8000,13
8000,2
8000,15
8000,4
8000,3
8000,1
8000,17
8000,6
8000,15
8000,1
8000,15
8000,20
8000,14
8000,1
8000,21
8000,14
8000,10
8000,1
8000,14
8000,14
8000,22
8000,7
8000,8
8000,11
8000,5
8000,2
8000,25
8000,9
8000,33
8000,4
8000,6
8000,18
8000,7
8000,2
8000,1
8000,21
8000,16
8000,2
8000,1
8000,4
8000,21
8000,2
8000,12
8000,5
8000,17
8000,2
8000,2
8100,19
8100,3
8100,28
8100,1
8100,2
8100,2
8100,3
8100,3
8100,68
8100,32
8100,6
8100,7
8100,12
8100,12
8100,9
8100,3
8100,3
8100,30
8100,3
8100,4
8100,15
8100,10
8100,6
8100,8
8100,23
8100,11
8100,14
8100,18
8100,5
8100,6
8100,13
8100,2
8100,29
8100,13
8100,16
8100,6
8100,7
8100,5
8100,22
8100,6
8100,6
8100,5
8100,26
8100,2
8100,12
8100,12
8100,13
8100,8
8100,13
8100,3
8200,1
8200,10
8200,2
8200,9
8200,9
8200,7
8200,12
8200,7
8200,13
8200,8
8200,11
8200,23
8200,3
8200,27
8200,10
8200,4
8200,32
8200,2
8200,9
8200,3
8200,5
8200,1
8200,2
8200,11
8200,9
8200,16
8200,6
8200,5
8200,6
8200,5
8200,8
8200,6
8200,11
8200,16
8200,11
8200,4
8200,14
8200,2
8200,12
8200,27
8200,6
8200,11
8200,6
8200,3
8200,2
8200,25
8200,9
8200,1
8200,13
8200,1
8300,34
8300,26
8300,7
8300,13
8300,28
8300,6
8300,6
8300,25
8300,29
8300,16
8300,9
8300,11
8300,8
8300,21
8300,11
8300,7
8300,4
8300,25
8300,3
8300,5
8300,2
8300,4
8300,3
8300,16
8300,15
8300,2
8300,11
8300,21
8300,8
8300,46
8300,23
8300,3
8300,4
8300,1
8300,7
8300,2
8300,19
8300,5
8300,12
8300,11
8300,9
8300,23
8300,6
8300,15
8300,5
8300,2
8300,17
8300,3
8300,2
8300,16
8400,5
8400,9
8400,13
8400,4
8400,43
8400,26
8400,9
8400,13
8400,8
8400,2
8400,5
8400,9
8400,3
8400,2
8400,4
8400,4
8400,4
8400,4
8400,3
8400,1
8400,9
8400,27
8400,5
8400,12
8400,2
8400,11
8400,18
8400,22
8400,17
8400,12
8400,1
8400,1
8400,20
8400,9
8400,1
8400,7
8400,6
8400,13
8400,8
8400,1
8400,15
8400,14
8400,3
8400,36
8400,17
8400,28
8400,2
8400,11
8400,11
8400,5
8500,37
8500,24
8500,3
8500,7
8500,14
8500,2
8500,6
8500,3
8500,29
8500,3
8500,13
8500,28
8500,10
8500,17
8500,17
8500,1
8500,7
8500,1
8500,21
8500,6
8500,6
8500,11
8500,3
8500,5
8500,1
8500,10
8500,7
8500,3
8500,16
8500,5
8500,33
8500,1
8500,12
8500,18
8500,12
8500,17
8500,13
8500,5
8500,7
8500,7
8500,11
8500,24
8500,4
8500,8
8500,16
8500,3
8500,6
8500,3
8500,15
8500,4
8600,4
8600,13
8600,6
8600,1
8600,3
8600,8
8600,6
8600,12
8600,4
8600,16
8600,8
8600,3
8600,2
8600,33
8600,4
8600,5
8600,3
8600,5
8600,1
8600,9
8600,8
8600,1
8600,8
8600,20
8600,12
8600,2
8600,11
8600,13
8600,5
8600,3
8600,8
8600,2
8600,29
8600,1
8600,3
8600,4
8600,5
8600,1
8600,15
8600,2
8600,13
8600,3
8600,1
8600,7
8600,8
8600,37
8600,8
8600,9
8600,3
8600,3
8700,2
8700,7
8700,11
8700,20
8700,21
8700,5
8700,11
8700,6
8700,15
8700,10
8700,2
8700,22
8700,5
8700,14
8700,15
8700,16
8700,10
8700,2
8700,6
8700,5
8700,7
8700,2
8700,30
8700,10
8700,12
8700,14
8700,12
8700,12
8700,2
8700,1
8700,18
8700,18
8700,2
8700,17
8700,25
8700,13
8700,42
8700,2
8700,5
8700,1
8700,9
8700,19
8700,4
8700,2
8700,4
8700,4
8700,26
8700,3
8700,4
8700,12
8800,24
8800,3
8800,13
8800,5
8800,12
8800,8
8800,7
8800,22
8800,13
8800,6
8800,5
8800,7
8800,7
8800,3
8800,2
8800,2
8800,6
8800,18
8800,3
8800,14
8800,1
8800,6
8800,18
8800,1
8800,2
8800,4
8800,5
8800,33
8800,2
8800,3
8800,5
8800,6
8800,7
8800,10
8800,1
8800,3
8800,2
8800,4
8800,2
8800,3
8800,5
8800,10
8800,5
8800,4
8800,4
8800,29
8800,3
8800,2
8800,6
8800,10
8900,32
8900,8
8900,11
8900,16
8900,1
8900,1
8900,8
8900,3
8900,5
8900,13
8900,3
8900,5
8900,10
8900,2
8900,2
8900,14
8900,3
8900,3
8900,28
8900,9
8900,3
8900,7
8900,4
8900,3
8900,1
8900,8
8900,4
8900,13
8900,4
8900,19
8900,9
8900,1
8900,27
8900,2
8900,45
8900,2
8900,1
8900,6
8900,2
8900,1
8900,9
8900,2
8900,13
8900,15
8900,10
8900,48
8900,19
8900,7
8900,14
8900,19
9000,1
9000,8
9000,5
9000,3
9000,8
9000,8
9000,2
9000,19
9000,2
9000,12
9000,16
9000,15
9000,1
9000,17
9000,6
9000,11
9000,10
9000,8
9000,4
9000,5
9000,13
9000,8
9000,2
9000,14
9000,27
9000,17
9000,15
9000,2
9000,21
9000,3
9000,2
9000,2
9000,6
9000,7
9000,37
9000,16
9000,2
9000,7
9000,13
9000,6
9000,5
9000,37
9000,11
9000,1
9000,4
9000,6
9000,1
9000,20
9000,7
9000,3
9100,5
9100,2
9100,18
9100,4
9100,3
9100,6
9100,1
9100,3
9100,1
9100,9
9100,17
9100,1
9100,13
9100,1
9100,20
9100,10
9100,10
9100,18
9100,5
9100,7
9100,6
9100,1
9100,21
9100,12
9100,4
9100,16
9100,56
9100,4
9100,5
9100,13
9100,4
9100,1
9100,8
9100,6
9100,3
9100,1
9100,3
9100,9
9100,2
9100,2
9100,10
9100,1
9100,3
9100,16
9100,4
9100,3
9100,1
9100,28
9100,19
9100,5
9200,8
9200,12
9200,15
9200,2
9200,14
9200,13
9200,2
9200,11
9200,2
9200,3
9200,8
9200,1
9200,22
9200,3
9200,23
9200,2
9200,2
9200,20
9200,5
9200,8
9200,9
9200,19
9200,2
9200,18
9200,1
9200,13
9200,3
9200,2
9200,5
9200,6
9200,3
9200,7
9200,25
9200,5
9200,4
9200,2
9200,1
9200,17
9200,10
9200,32
9200,4
9200,12
9200,3
9200,29
9200,1
9200,17
9200,4
9200,26
9200,1
9200,9
9300,15
9300,5
9300,2
9300,2
9300,6
9300,1
9300,1
9300,7
9300,18
9300,3
9300,8
9300,59
9300,9
9300,4
9300,2
9300,7
9300,13
9300,7
9300,9
9300,2
9300,2
9300,2
9300,4
9300,4
9300,48
9300,1
9300,4
9300,4
9300,17
9300,7
9300,15
9300,9
9300,2
9300,36
9300,5
9300,11
9300,1
9300,4
9300,4
9300,4
9300,1
9300,5
9300,6
9300,1
9300,4
9300,21
9300,21
9300,16
9300,8
9300,23
9400,9
9400,12
9400,8
9400,5
9400,3
9400,16
9400,12
9400,4
9400,5
9400,20
9400,6
9400,20
9400,8
9400,4
9400,5
9400,5
9400,10
9400,12
9400,1
9400,18
9400,1
9400,5
9400,3
9400,2
9400,13
9400,7
9400,4
9400,1
9400,9
9400,1
9400,4
9400,5
9400,11
9400,14
9400,7
9400,15
9400,8
9400,19
9400,1
9400,10
9400,15
9400,3
9400,10
9400,11
9400,9
9400,3
9400,10
9400,8
9400,14
9400,13
9500,6
9500,9
9500,6
9500,34
9500,5
9500,4
9500,25
9500,19
9500,10
9500,37
9500,2
9500,2
9500,15
9500,8
9500,4
9500,7
9500,17
9500,1
9500,9
9500,8
9500,2
9500,1
9500,32
9500,3
9500,17
9500,2
9500,29
9500,2
9500,5
9500,1
9500,4
9500,4
9500,2
9500,7
9500,6
9500,3
9500,9
9500,7
9500,10
9500,5
9500,13
9500,1
9500,8
9500,19
9500,10
9500,4
9500,5
9500,5
9500,5
9500,1
9600,6
9600,29
9600,9
9600,6
9600,38
9600,12
9600,23
9600,37
9600,5
9600,1
9600,1
9600,11
9600,6
9600,7
9600,1
9600,11
9600,10
9600,7
9600,1
9600,6
9600,22
9600,3
9600,13
9600,10
9600,2
9600,9
9600,14
9600,4
9600,8
9600,7
9600,3
9600,4
9600,8
9600,2
9600,7
9600,19
9600,6
9600,19
9600,5
9600,14
9600,11
9600,9
9600,2
9600,19
9600,9
9600,4
9600,11
9600,3
9600,13
9600,6
9700,4
9700,15
9700,24
9700,22
9700,9
9700,21
9700,2
9700,3
9700,5
9700,17
9700,2
9700,2
9700,20
9700,4
9700,1
9700,22
9700,14
9700,17
9700,1
9700,1
9700,16
9700,45
9700,9
9700,2
9700,6
9700,2
9700,2
9700,1
9700,22
9700,8
9700,8
9700,2
9700,1
9700,1
9700,4
9700,6
9700,35
9700,12
9700,9
9700,6
9700,10
9700,1
9700,4
9700,27
9700,6
9700,17
9700,15
9700,9
9700,1
9700,6
9800,1
9800,2
9800,13
9800,3
9800,9
9800,1
9800,1
9800,11
9800,17
9800,30
9800,4
9800,11
9800,13
9800,25
9800,3
9800,4
9800,5
9800,5
9800,1
9800,4
9800,1
9800,5
9800,1
9800,41
9800,9
9800,43
9800,9
9800,4
9800,3
9800,6
9800,17
9800,5
9800,7
9800,21
9800,5
9800,12
9800,10
9800,3
9800,12
9800,13
9800,8
9800,4
9800,31
9800,17
9800,4
9800,12
9800,16
9800,1
9800,2
9800,16
9900,3
9900,2
9900,3
9900,7
9900,2
9900,26
9900,13
9900,15
9900,47
9900,5
9900,33
9900,24
9900,2
9900,5
9900,3
9900,8
9900,3
9900,3
9900,8
9900,41
9900,7
9900,14
9900,4
9900,1
9900,9
9900,3
9900,6
9900,1
9900,3
9900,8
9900,1
9900,18
9900,1
9900,1
9900,4
9900,5
9900,9
9900,23
9900,13
9900,16
9900,2
9900,5
9900,50
9900,16
9900,2
9900,11
9900,4
9900,1
9900,51
9900,2
10000,7
10000,11
10000,6
10000,19
10000,3
10000,29
10000,12
10000,1
10000,21
10000,33
10000,6
10000,2
10000,10
10000,32
10000,1
10000,6
10000,15
10000,14
10000,1
10000,12
10000,19
10000,19
10000,2
10000,53
10000,6
10000,1
10000,35
10000,19
10000,1
10000,5
10000,2
10000,33
10000,20
10000,10
10000,4
10000,12
10000,2
10000,2
10000,16
10000,13
10000,5
10000,9
10000,14
10000,4
10000,4
10000,28
10000,2
10000,5
10000,3
10000,5
